{
  "feature_scores": {
    "temperature": {
      "R1": -1.6589156053933587,
      "R2": -0.034751659242349825,
      "R3": 1.487393560812266,
      "R4": 0.18430738588792484,
      "R5": 0.02196631793582933
    },
    "aqi": {
      "R1": 0.9009981980054059,
      "R2": -0.6889986220041342,
      "R3": 1.4309971380085857,
      "R4": -0.42399915200254434,
      "R5": -1.2189975620073141
    },
    "water_vapour": {
      "R1": -0.2855561424616703,
      "R2": 1.1338415702451934,
      "R3": -0.6920496087986,
      "R4": 1.1752223289266785,
      "R5": -1.331458147911598
    }
  },
  "overall_scores": {
    "R1": -0.347824516616541,
    "R2": 0.13669709633290314,
    "R3": 0.7421136966740839,
    "R4": 0.311843520937353,
    "R5": -0.8428297973276943
  },
  "color_codes": {
    "R1": "yellow",
    "R2": "yellow",
    "R3": "red",
    "R4": "yellow",
    "R5": "green"
  },
  "metadata": {
    "total_polygons": 5,
    "polygon_ids": [
      "R1",
      "R2",
      "R3",
      "R4",
      "R5"
    ],
    "features": [
      "temperature",
      "aqi",
      "water_vapour"
    ],
    "note": "Real AQI data from MODIS aerosol optical thickness"
  }
}